<?xml version="1.0" encoding="UTF-8"?>
<GenRun Id="synth_1" LaunchPart="xc7a35tcpg236-1" LaunchTime="1677527363">
  <File Type="PA-TCL" Name="multiplier.tcl"/>
  <File Type="RDS-PROPCONSTRS" Name="multiplier_drc_synth.rpt"/>
  <File Type="REPORTS-TCL" Name="multiplier_reports.tcl"/>
  <File Type="RDS-RDS" Name="multiplier.vds"/>
  <File Type="RDS-UTIL" Name="multiplier_utilization_synth.rpt"/>
  <File Type="RDS-UTIL-PB" Name="multiplier_utilization_synth.pb"/>
  <File Type="RDS-DCP" Name="multiplier.dcp"/>
  <File Type="VDS-TIMINGSUMMARY" Name="multiplier_timing_summary_synth.rpt"/>
  <File Type="VDS-TIMING-PB" Name="multiplier_timing_summary_synth.pb"/>
  <FileSet Name="sources" Type="DesignSrcs" RelSrcDir="$PSRCDIR/sources_1">
    <Filter Type="Srcs"/>
    <File Path="$PSRCDIR/sources_1/imports/DUs/l2_multiplier.vhd">
      <FileInfo>
        <Attr Name="ImportPath" Val="$PPRDIR/../l2_multiplier.vhd"/>
        <Attr Name="ImportTime" Val="1677522621"/>
        <Attr Name="UsedIn" Val="synthesis"/>
        <Attr Name="UsedIn" Val="simulation"/>
      </FileInfo>
    </File>
    <Config>
      <Option Name="DesignMode" Val="RTL"/>
      <Option Name="TopModule" Val="multiplier"/>
      <Option Name="TopAutoSet" Val="TRUE"/>
    </Config>
  </FileSet>
  <FileSet Name="constrs_in" Type="Constrs" RelSrcDir="$PSRCDIR/constrs_1">
    <Filter Type="Constrs"/>
    <Config>
      <Option Name="ConstrsType" Val="XDC"/>
    </Config>
  </FileSet>
  <FileSet Name="utils" Type="Utils" RelSrcDir="$PSRCDIR/utils_1">
    <Filter Type="Utils"/>
    <Config>
      <Option Name="TopAutoSet" Val="TRUE"/>
    </Config>
  </FileSet>
  <Strategy Version="1" Minor="2">
    <StratHandle Name="Vivado Synthesis Defaults" Flow="Vivado Synthesis 2018">
      <Desc>Vivado Synthesis Defaults</Desc>
    </StratHandle>
    <Step Id="synth_design"/>
  </Strategy>
</GenRun>
